<?xml version="1.0" encoding="UTF-8"?>
<beans xmlns="http://www.springframework.org/schema/beans"
	xmlns:xsi="http://www.w3.org/2001/XMLSchema-instance"
	xmlns:aop="http://www.springframework.org/schema/aop"
	xmlns:context="http://www.springframework.org/schema/context"
	xmlns:util="http://www.springframework.org/schema/util"
	xmlns:p="http://www.springframework.org/schema/p"
	xmlns:tx="http://www.springframework.org/schema/tx"
	xmlns:mvc="http://www.springframework.org/schema/mvc"
	xsi:schemaLocation="http://www.springframework.org/schema/beans 
	http://www.springframework.org/schema/beans/spring-beans-4.0.xsd
	 http://www.springframework.org/schema/context
     http://www.springframework.org/schema/context/spring-context-3.0.xsd
     http://www.springframework.org/schema/util 
     http://www.springframework.org/schema/util/spring-util-3.0.xsd
  http://www.springframework.org/schema/aop 
http://www.springframework.org/schema/aop/spring-aop.xsd
http://www.springframework.org/schema/mvc 
	http://www.springframework.org/schema/mvc/spring-mvc-3.2.xsd
	http://www.springframework.org/schema/tx 
		http://www.springframework.org/schema/tx/spring-tx-3.2.xsd">
	<bean id="gopiHomeAddress" class="com.cg.bean.Address">
		<property name="state" value="Andhra"></property>
		<property name="city" value="westGodavari"></property>
		<property name="zipCode" value="534235"></property>
	</bean>
	<bean id="sadhikOfficialAddress" class="com.cg.bean.Address">
		<property name="state" value="Telangana"></property>
		<property name="city" value="Hyderabad"></property>
		<property name="zipCode" value="500045"></property>
	</bean>
	<bean id="sadhikHomeAddress" class="com.cg.bean.Address">
		<property name="state" value="Andhra"></property>
		<property name="city" value="Prakasam"></property>
		<property name="zipCode" value="500345"></property>
	</bean>
	<bean id="gopiEmpObj" class="com.cg.bean.Employee">
		<property name="empId" value="163841"></property>
		<property name="empName" value="Gopika"></property>
		<property name="empSal" value="20000"></property>
		<property name="empAdd" ref="gopiHomeAddress"></property>
	</bean>
	<bean id="sadhikEmpObj" class="com.cg.bean.Employee2">
		<property name="empId" value="110841"></property>
		<property name="empName" value="sadhik"></property>
		<property name="empSal" value="50000"></property>
		<property name="empAdd">
		<list>
		<ref bean="sadhikHomeAddress"/>
		<ref bean="sadhikOfficialAddress"/></list>
		</property>
	</bean>
</beans>
