<?xml version="1.0" encoding="UTF-8"?>
<beans xmlns="http://www.springframework.org/schema/beans"
	xmlns:xsi="http://www.w3.org/2001/XMLSchema-instance"
	xmlns:aop="http://www.springframework.org/schema/aop"
	xmlns:context="http://www.springframework.org/schema/context"
	xmlns:util="http://www.springframework.org/schema/util"
	xmlns:p="http://www.springframework.org/schema/p"
	xmlns:tx="http://www.springframework.org/schema/tx"
	xmlns:mvc="http://www.springframework.org/schema/mvc"
	xsi:schemaLocation="http://www.springframework.org/schema/beans 
	http://www.springframework.org/schema/beans/spring-beans-4.0.xsd
	 http://www.springframework.org/schema/context
     http://www.springframework.org/schema/context/spring-context-3.0.xsd
     http://www.springframework.org/schema/util 
     http://www.springframework.org/schema/util/spring-util-3.0.xsd
  http://www.springframework.org/schema/aop 
http://www.springframework.org/schema/aop/spring-aop.xsd
http://www.springframework.org/schema/mvc 
	http://www.springframework.org/schema/mvc/spring-mvc-3.2.xsd
	http://www.springframework.org/schema/tx 
		http://www.springframework.org/schema/tx/spring-tx-3.2.xsd">

	<bean id="obj1" class="com.cg.bean.Employee"
		scope="singleton">
		<property name="employeeId" value="168341"></property>
		<property name="employeeName" value="Gopika"></property>
		<property name="salary" value="50000"></property>
		<property name="businessUnit" value="Analyst"></property>
		<property name="age" value="21"></property>
	</bean>

	<bean id="obj2" class="com.cg.bean.Employee">
		<constructor-arg index="0" value="110841"></constructor-arg>
		<constructor-arg index="1" value="Sadhik"></constructor-arg>
		<constructor-arg index="2" value="60000"></constructor-arg>
		<constructor-arg index="3" value="Mechanical"></constructor-arg>
		<constructor-arg index="4" value="22"></constructor-arg>
	</bean>
	<bean id="obj3" class="com.cg.bean.SbuWithEmployeeListReference">
		<property name="sbuId" value="PES-BU"></property>
		<property name="sbuName" value="product engineering Services"></property>
		<property name="sbuHead" value="Satish Mahajan"></property>
		<property name="employees">
		<list>
		<ref bean="obj1"/>
		<ref bean="obj2"/>
		</list>
		</property>
	</bean>
</beans>